title,HIDDEN_SIZE,N_LAYERS,DIRECTIONS,RECALL,PRECISION,F1,RECALL_WO_O,PRECISION_WO_O,F1_WO_O
Model1,500,1,2,0.9160358565737052,0.8890355393186496,0.891182008195723,0.0,0.0,0.0
Model2,500,2,2,0.9161852589641434,0.8715745113454331,0.8879137334564543,0.0,0.0,0.0
Model3,500,3,2,0.9173306772908366,0.8669651762991109,0.8886557094059812,0.0,0.0,0.0
Model4,500,1,1,0.9176792828685258,0.8916919313630632,0.8908046953064906,0.0,0.0,0.0
Model5,500,2,1,0.9222609561752988,0.8837211049546357,0.8978427382963847,0.0,0.0,0.0
Model6,500,3,1,0.9209163346613546,0.8896839231678919,0.8950583883531168,0.0,0.0,0.0
Model7,800,1,1,0.9198705179282869,0.9005931641177364,0.89434272573784,0.125,0.375,0.1875
Model8,800,2,1,0.9242529880478088,0.9008382930094558,0.9021430188957389,0.0,0.0,0.0
Model9,800,3,1,0.9238545816733068,0.8961802208924774,0.9046085752588927,0.0,0.0,0.0
